Unnamed: 0,cpg,genes
0,cg00022997,
1,cg00037930,ATP11A
2,cg00065215,PAX7
3,cg00151370,ATXN1
4,cg00156230,CCM2
5,cg00161791,
6,cg00180559,KIAA1804
7,cg00216804,
8,cg00221185,KIAA1949
9,cg00228017,
10,cg00271311,CNTF
11,cg00275449,ACAP2
12,cg00277165,TRIP13
13,cg00347757,GJB2
14,cg00370229,
15,cg00406211,GRK5
16,cg00415665,ZHX2
17,cg00421363,PPFIA3
18,cg00431187,HOXA3
19,cg00446046,
20,cg00465319,MYLK
21,cg00476900,
22,cg00498591,
23,cg00579868,WIPI2
24,cg00626702,FAM53A
25,cg00674365,ZNF471
26,cg00677574,ACBD4
27,cg00752480,
28,cg00778807,
29,cg00779602,MAGI1
30,cg00791253,KSR2
31,cg00808305,CAMTA1
32,cg00842351,TJP2
33,cg00902895,ATP11A
34,cg00907288,SRGAP3
35,cg00935043,IRS1
36,cg00949980,SUMO3
37,cg00962254,RAB40C
38,cg00995986,MEIS1
39,cg01022117,PKP1
40,cg01025720,ATP11A
41,cg01033642,CMIP
42,cg01090026,KIF6
43,cg01178624,KCNK7
44,cg01214054,
45,cg01236734,PON2
46,cg01243312,MIR128-1
47,cg01263942,DIP2C
48,cg01268824,ZNF154
49,cg01288724,ARHGAP26
50,cg01313313,C5orf39
51,cg01334432,LOC642587
52,cg01335367,MGC14436
53,cg01341572,HNF1A
54,cg01361361,
55,cg01364755,ADARB2
56,cg01390445,LIPH
57,cg01413632,
58,cg01532436,CYTH2
59,cg01540102,DOK4
60,cg01577755,TRIP13
61,cg01600222,
62,cg01641792,PDE4A
63,cg01644285,
64,cg01645295,DIDO1
65,cg01665555,PAX6
66,cg01686933,PVRL1
67,cg01710670,
68,cg01719405,
69,cg01723148,B4GALNT1
70,cg01753252,
71,cg01759870,MTA1
72,cg01778345,GDAP2
73,cg01819880,
74,cg01835695,MGAT1
75,cg01893212,VWC2
76,cg01919011,JDP2
77,cg01924952,
78,cg01930947,C1orf111
79,cg01936370,
80,cg02017926,CDK2AP1
81,cg02019574,
82,cg02025879,POLR3E
83,cg02063759,
84,cg02082650,ARX
85,cg02088292,
86,cg02102872,FRAS1
87,cg02120046,HS6ST2
88,cg02151779,SLC38A5
89,cg02212575,
90,cg02230133,TSNARE1
91,cg02253760,
92,cg02293118,CAMK2B
93,cg02304584,
94,cg02309609,
95,cg02338271,DNM3
96,cg02340083,
97,cg02360367,SKI
98,cg02389040,
99,cg02389084,SNX10
100,cg02394701,
101,cg02394955,PPYR1
102,cg02407342,GFAP
103,cg02426324,C7orf10
104,cg02427230,ZNF486
105,cg02461114,DIDO1
106,cg02467990,VWC2
107,cg02511231,TLX3
108,cg02546607,WWOX
109,cg02547035,CMIP
110,cg02565132,EDAR
111,cg02574073,LOC404266
112,cg02576468,SPTBN4
113,cg02583633,
114,cg02589685,
115,cg02591564,AACS
116,cg02622647,
117,cg02698576,SEMA6C
118,cg02716776,S1PR4
119,cg02724472,LRRC17
120,cg02748089,WWOX
121,cg02752174,
122,cg02763101,ZNF582
123,cg02856124,C3orf17
124,cg02861260,
125,cg02921627,ZC3H3
126,cg02936049,ZBTB38
127,cg02979703,
128,cg02983451,KLF11
129,cg03020006,ALS2CR11
130,cg03043665,TP73
131,cg03051384,
132,cg03075709,
133,cg03079733,RIPK4
134,cg03116837,
135,cg03129172,TNFRSF1B
136,cg03130248,KIF26B
137,cg03202804,SFRP2
138,cg03209103,SGCE
139,cg03242471,
140,cg03312643,
141,cg03312856,TAF1C
142,cg03356537,ATP11A
143,cg03361585,PREX1
144,cg03368627,CADPS2
145,cg03381604,
146,cg03419885,PKNOX2
147,cg03420881,
148,cg03430116,KIAA0513
149,cg03434950,KRT7
150,cg03519157,DGKZ
151,cg03519577,RASSF2
152,cg03555299,
153,cg03562414,ZNF577
154,cg03604774,
155,cg03637066,TRIP13
156,cg03646189,
157,cg03679305,SLC2A5
158,cg03695421,
159,cg03711050,CCDC65
160,cg03755177,CAMK2B
161,cg03759001,
162,cg03794445,LOC642587
163,cg03797139,HECA
164,cg03880173,SOX2OT
165,cg03953626,KIAA1949
166,cg03961010,ZNF365
167,cg03982831,
168,cg04018288,
169,cg04029455,TBCD
170,cg04034767,GRASP
171,cg04065304,ST18
172,cg04067249,
173,cg04099454,ABCB1
174,cg04100595,
175,cg04141796,
176,cg04146573,ANO1
177,cg04156293,ACHE
178,cg04212021,MGAT1
179,cg04221117,CUGBP2
180,cg04223424,
181,cg04249706,CUGBP2
182,cg04270264,CDK5RAP1
183,cg04329870,CD8B
184,cg04352288,CA5A
185,cg04396251,KNDC1
186,cg04428071,CSNK1D
187,cg04473654,SCFD2
188,cg04505205,CNGA3
189,cg04505435,SHANK2
190,cg04583813,DIP2C
191,cg04605532,
192,cg04662369,RPTOR
193,cg04682802,BTBD3
194,cg04689080,
195,cg04708126,MCF2L
196,cg04751811,ATP6V1B1
197,cg04765857,
198,cg04778178,HOXA3
199,cg04778236,SPSB1
200,cg04781339,
201,cg04784618,NAALADL2
202,cg04786287,
203,cg04828133,
204,cg04880990,KRT6A
205,cg04889181,TACC1
206,cg04897892,CMIP
207,cg04912712,FOXN3
208,cg04923020,
209,cg04929173,GAS2L1
210,cg05028071,TFE3
211,cg05028087,
212,cg05063520,
213,cg05073386,SLC45A4
214,cg05128003,PLEKHG5
215,cg05152432,NADK
216,cg05166490,ANK1
217,cg05176970,NXN
218,cg05217983,RUNX2
219,cg05221748,
220,cg05224741,
221,cg05230834,SAMD12
222,cg05236677,
223,cg05331472,BCAS4
224,cg05341781,PBX1
225,cg05351785,TGM1
226,cg05394294,PFKP
227,cg05394663,WNT3A
228,cg05423393,TRAF3IP2
229,cg05476522,FGD1
230,cg05485379,
231,cg05496203,MEIS1
232,cg05523911,TCHH
233,cg05528899,
234,cg05535113,CHST4
235,cg05556923,PDGFA
236,cg05581460,PTPRN2
237,cg05659097,
238,cg05661282,ZNF154
239,cg05696931,
240,cg05738240,RBM19
241,cg05755899,TBCD
242,cg05768427,
243,cg05774698,HIBADH
244,cg05799038,
245,cg05857999,
246,cg05923105,
247,cg05927190,
248,cg05950877,ZNF833
249,cg06013113,RAB40C
250,cg06040811,MEF2C
251,cg06065019,
252,cg06074146,
253,cg06081580,
254,cg06098276,TK1
255,cg06118312,GZMA
256,cg06118584,SNN
257,cg06126713,SOSTDC1
258,cg06206801,KCTD1
259,cg06234511,
260,cg06348134,
261,cg06350853,
262,cg06380725,TRAF3IP2
263,cg06405186,SYT7
264,cg06411879,NEBL
265,cg06442199,BRDT
266,cg06496272,SNORD93
267,cg06500727,TPO
268,cg06510261,GCET2
269,cg06520450,TP63
270,cg06523224,BNC1
271,cg06545761,ZCCHC14
272,cg06547766,LPP
273,cg06555468,MAD1L1
274,cg06576557,PLUNC
275,cg06604289,PRDM2
276,cg06617528,
277,cg06637001,OBSCN
278,cg06637812,
279,cg06659614,S100A11
280,cg06706813,C3orf21
281,cg06710672,
282,cg06717750,RAB40C
283,cg06736434,ZNF90
284,cg06740866,MTMR12
285,cg06744585,NFIX
286,cg06827501,
287,cg06843889,
288,cg06848148,THSD7B
289,cg06862374,WNT6
290,cg06888746,SH3PXD2A
291,cg06930722,CHST11
292,cg06931444,
293,cg06948878,ADCK5
294,cg06972972,TPO
295,cg06973652,BRCA1
296,cg06992285,
297,cg07044458,FOXK1
298,cg07061260,
299,cg07077277,HIST1H2AA
300,cg07090653,LCE1B
301,cg07110405,SHANK2
302,cg07137955,
303,cg07158503,
304,cg07187971,PHLPP1
305,cg07220448,SOSTDC1
306,cg07229402,
307,cg07340025,
308,cg07371589,SEMA6C
309,cg07412043,THSD7B
310,cg07455790,
311,cg07479618,RNMTL1
312,cg07519816,
313,cg07554986,FOXK1
314,cg07568841,ZNRF2
315,cg07572927,RNASE4
316,cg07599136,AHRR
317,cg07613752,
318,cg07628717,FOXK1
319,cg07650391,LOC285954
320,cg07651316,BTBD12
321,cg07706776,CALML3
322,cg07809589,MEIS1
323,cg07810733,HMGA2
324,cg07834510,CNGA3
325,cg07850323,CNTN4
326,cg07874983,CDH8
327,cg07875385,COL5A2
328,cg07892412,
329,cg07931391,
330,cg07935669,
331,cg08009265,SPRR2B
332,cg08040429,
333,cg08122070,NADK
334,cg08141142,MTA1
335,cg08154437,CPAMD8
336,cg08159989,KLHDC8A
337,cg08196553,SOX2OT
338,cg08196968,PPP1R14A
339,cg08208480,BRSK2
340,cg08236623,
341,cg08239282,FHL2
342,cg08277100,
343,cg08287265,NKX2-3
344,cg08329684,PPL
345,cg08363345,FOXK1
346,cg08387285,ME3
347,cg08469215,TMEM79
348,cg08470742,THBS2
349,cg08479629,
350,cg08500417,FBXL13
351,cg08521684,MUC4
352,cg08529345,
353,cg08626004,GNG7
354,cg08641990,SSBP3
355,cg08668790,ZNF154
356,cg08701183,
357,cg08711175,NXPH4
358,cg08758185,SLC36A1
359,cg08778805,FAT3
360,cg08796240,VAC14
361,cg08797598,FOXK1
362,cg08812108,
363,cg08864375,
364,cg08887400,KIAA1949
365,cg08890627,SEC14L1
366,cg09007841,
367,cg09016243,GLUD2
368,cg09068128,
369,cg09109383,ABCC1
370,cg09110402,PREX1
371,cg09143801,SEMA6C
372,cg09157813,CASP12
373,cg09233651,TBX5
374,cg09269891,CREBBP
375,cg09275704,
376,cg09327586,TEX14
377,cg09329079,TMEM184A
378,cg09355008,
379,cg09385093,
380,cg09396234,
381,cg09444036,DIP2C
382,cg09450200,ZNF282
383,cg09451235,ZDHHC1
384,cg09477407,TXNRD1
385,cg09499248,POLR3K
386,cg09511896,WNT3A
387,cg09574499,HOXA4
388,cg09577391,ZNF606
389,cg09607488,OSR2
390,cg09626521,
391,cg09626894,CFTR
392,cg09664216,HDAC4
393,cg09669754,CARD14
394,cg09670128,KRT7
395,cg09682272,SEC63
396,cg09683350,
397,cg09777657,RAI1
398,cg09798023,HOXA3
399,cg09802076,SLC6A15
400,cg09821587,GLI3
401,cg09847626,FBXO34
402,cg09867598,PRDM6
403,cg09907936,ZNF135
404,cg09973284,
405,cg09981464,ZCCHC14
406,cg10002860,BRSK2
407,cg10025586,WHAMM
408,cg10043865,LHX1
409,cg10055593,GLI3
410,cg10057264,EPGN
411,cg10096645,KCTD1
412,cg10096929,TMEM79
413,cg10131972,TXNRD2
414,cg10149889,LPP
415,cg10158280,MYO1D
416,cg10160276,TOX3
417,cg10184983,SRCIN1
418,cg10191581,KRTAP11-1
419,cg10194536,NXN
420,cg10205045,ANP32A
421,cg10243459,PTPRN2
422,cg10253371,PTHLH
423,cg10263682,SOX2OT
424,cg10356613,LHX1
425,cg10375890,
426,cg10400707,VANGL2
427,cg10439246,
428,cg10500702,FLG
429,cg10501210,
430,cg10572274,TXNRD1
431,cg10596483,JRK
432,cg10658307,
433,cg10687219,LRP5
434,cg10699871,TXNRD2
435,cg10717691,
436,cg10720966,CUX1
437,cg10722799,CLIC6
438,cg10741422,
439,cg10784273,
440,cg10791959,EPHB1
441,cg10797552,
442,cg10800833,HOPX
443,cg10861897,
444,cg10862567,TBCD
445,cg10881749,
446,cg10890302,TNXB
447,cg10909185,KLHL35
448,cg10928544,CCDC88C
449,cg10938393,GOLPH3
450,cg10969178,SLC44A4
451,cg11062158,PTPRN2
452,cg11113469,DLX6AS
453,cg11130630,KCTD10
454,cg11152263,
455,cg11213574,TRABD
456,cg11215976,ACTN2
457,cg11222703,
458,cg11260046,MEI1
459,cg11283983,SLC1A3
460,cg11314310,WDR37
461,cg11317459,
462,cg11404906,HLA-DRB1
463,cg11416243,CUGBP2
464,cg11417025,SOSTDC1
465,cg11421768,TRIP13
466,cg11430259,FGFR2
467,cg11452329,
468,cg11482422,CUGBP2
469,cg11524039,TBCD
470,cg11528328,CLIC6
471,cg11693019,AKR1B10
472,cg11718162,TPM3
473,cg11761622,HIST1H2AA
474,cg11800672,SLC39A4
475,cg11829680,EXT1
476,cg11839020,LRRC8D
477,cg11854392,TXNRD2
478,cg11883836,
479,cg11906781,BRE
480,cg11938455,DTNBP1
481,cg11940177,PGAM1
482,cg11960229,
483,cg12008047,GDF15
484,cg12019614,DOCK6
485,cg12074025,ZNF671
486,cg12134633,SCG5
487,cg12174804,
488,cg12222244,
489,cg12242450,GCNT2
490,cg12382846,LAMA5
491,cg12415687,PTPRN2
492,cg12422539,
493,cg12434889,PTPRN2
494,cg12459718,C17orf68
495,cg12485727,
496,cg12502577,NXPH4
497,cg12523526,
498,cg12586150,SERPINB1
499,cg12600337,SUB1
500,cg12658930,
501,cg12659952,TFAP2A
502,cg12680131,TPO
503,cg12705693,TRIP13
504,cg12815916,PTPN18
505,cg12861034,RAPGEFL1
506,cg12914615,
507,cg12975230,
508,cg13092806,
509,cg13096278,
510,cg13096433,
511,cg13100965,
512,cg13114921,
513,cg13178372,
514,cg13197521,SPSB1
515,cg13222752,TMEM90A
516,cg13229078,
517,cg13283765,
518,cg13448092,
519,cg13472610,
520,cg13486532,
521,cg13487474,ATAD3C
522,cg13626676,RALGAPA2
523,cg13635184,ZNF282
524,cg13667389,FLJ90757
525,cg13668618,ZNF418
526,cg13679772,FOXN3
527,cg13702536,GPR81
528,cg13703871,ZNF177
529,cg13706058,
530,cg13715502,PTPN3
531,cg13740187,TPM3
532,cg13795264,PREX1
533,cg13797779,C14orf177
534,cg13832669,
535,cg13842305,MLLT11
536,cg13857921,GPR133
537,cg13865610,
538,cg13872541,KCNT1
539,cg13886334,
540,cg13895834,PLXNA4
541,cg13912224,
542,cg13918631,IGF2BP2
543,cg13933373,
544,cg13934308,
545,cg13944468,C5orf38
546,cg13972706,UTRN
547,cg13990351,
548,cg13996999,ACSBG2
549,cg14040633,CDK3
550,cg14081251,ST6GALNAC4
551,cg14087921,KCNT1
552,cg14121282,RXRA
553,cg14178043,CAPN2
554,cg14181111,
555,cg14191244,SLCO1A2
556,cg14227325,RGPD8
557,cg14227911,
558,cg14247154,MTMR8
559,cg14311670,SOX2OT
560,cg14317285,SOX2OT
561,cg14317384,
562,cg14324370,
563,cg14371731,ZMIZ1
564,cg14396421,
565,cg14396995,GLI3
566,cg14415629,
567,cg14416311,GAS1
568,cg14431024,
569,cg14482313,KRT7
570,cg14487131,FOXB2
571,cg14491776,SLC9A3
572,cg14496282,PDGFA
573,cg14496909,CHSY1
574,cg14499678,TRIP13
575,cg14511739,APC
576,cg14520214,MICALL2
577,cg14528451,
578,cg14537533,KRT7
579,cg14543676,GPR39
580,cg14625175,HOXA10
581,cg14632485,TTC12
582,cg14654171,GARNL3
583,cg14676272,
584,cg14729148,CUGBP2
585,cg14830740,IQSEC3
586,cg14834903,PAPLN
587,cg14881618,ME3
588,cg14893161,PM20D1
589,cg14979301,
590,cg15025248,MFSD6
591,cg15027050,
592,cg15076217,MIR29C
593,cg15078211,GLI3
594,cg15115728,LOC642587
595,cg15126862,FLJ32810
596,cg15346191,GAL3ST2
597,cg15398255,PPM1H
598,cg15408080,
599,cg15460348,SPP1
600,cg15567428,HGF
601,cg15701794,
602,cg15703970,ELFN1
603,cg15708153,ZNF542
604,cg15732658,TFAP2A
605,cg15822765,
606,cg15848890,
607,cg15935877,TSPY1
608,cg15954684,
609,cg15958289,DCPS
610,cg15977002,TPO
611,cg16047868,LRTOMT
612,cg16148454,TMED6
613,cg16167877,KRT5
614,cg16210248,
615,cg16312968,
616,cg16405026,
617,cg16607065,TP73
618,cg16636756,ITPRIP
619,cg16638385,SOST
620,cg16647921,
621,cg16702014,ABCC1
622,cg16727774,CA5A
623,cg16759976,RTP1
624,cg16814808,
625,cg16845136,CELSR1
626,cg16857858,HOXA10
627,cg16918905,
628,cg16925682,PRICKLE3
629,cg16927242,MEIS1
630,cg16955726,LOC644538
631,cg16955889,SOX2OT
632,cg16969274,C3orf34
633,cg17005319,DEAF1
634,cg17094593,RNMTL1
635,cg17153045,
636,cg17167920,NUP210L
637,cg17175419,
638,cg17186066,
639,cg17202313,SOX2OT
640,cg17204288,GAGE2A
641,cg17219660,GPR37L1
642,cg17283169,CALML3
643,cg17331296,ANK1
644,cg17390301,POU2AF1
645,cg17411546,SYNPO2L
646,cg17423597,
647,cg17463633,LOC100130331
648,cg17465423,ZNF385A
649,cg17510385,TRIP13
650,cg17526573,NRXN1
651,cg17582100,GPR87
652,cg17638468,CD200R1
653,cg17651935,
654,cg17651959,
655,cg17737409,GALNT2
656,cg17738861,MTMR12
657,cg17757602,
658,cg17769084,
659,cg17774559,IRX4
660,cg17775621,CUGBP2
661,cg17806814,
662,cg17809494,LPP
663,cg17907628,CHST12
664,cg17935217,CLIC6
665,cg17945789,AGAP1
666,cg17949969,ABLIM2
667,cg17971587,TRIM29
668,cg18026227,LOC100192378
669,cg18057109,
670,cg18074297,CLIC6
671,cg18087023,SPRR2D
672,cg18108818,FBXL13
673,cg18109537,MTUS1
674,cg18121066,TBCD
675,cg18125573,RARA
676,cg18130044,
677,cg18142262,
678,cg18159323,PTPRN2
679,cg18161950,
680,cg18172877,IRX4
681,cg18182111,GDNF
682,cg18192602,
683,cg18244817,
684,cg18259487,CHST12
685,cg18260625,
686,cg18273840,HCN1
687,cg18320766,EPS8L1
688,cg18323912,
689,cg18366919,EPHX3
690,cg18367631,PRKAR1B
691,cg18368125,TMED6
692,cg18391209,CAPN8
693,cg18418242,
694,cg18430152,HOXA3
695,cg18442075,DNAJC7
696,cg18488157,
697,cg18499201,HRNBP3
698,cg18515587,SELENBP1
699,cg18537730,IZUMO1
700,cg18582992,SHF
701,cg18623980,
702,cg18669186,
703,cg18675617,
704,cg18684142,LOC404266
705,cg18770350,ACTN2
706,cg18773597,
707,cg18789918,SLITRK1
708,cg18804777,MUC1
709,cg18873878,TP73
710,cg18894781,FRMD6
711,cg18908499,C1orf150
712,cg18972349,
713,cg19063061,SLC17A7
714,cg19082708,
715,cg19139727,
716,cg19149264,
717,cg19175386,
718,cg19181528,
719,cg19355186,
720,cg19360796,
721,cg19405883,RAI14
722,cg19419246,
723,cg19429281,ZNF702P
724,cg19474865,DLG2
725,cg19561297,LRRC17
726,cg19640166,ITPRIP
727,cg19656282,TLX2
728,cg19666687,
729,cg19670883,KCNQ1
730,cg19721060,ZHX1
731,cg19726343,CAMTA1
732,cg19809791,ESPNP
733,cg19814934,
734,cg19870512,KCNA6
735,cg19947463,C7orf50
736,cg19974283,C3orf16
737,cg19980771,SLC22A16
738,cg19990651,HLA-DPB1
739,cg20002901,RAMP1
740,cg20006618,SORBS2
741,cg20029745,DSC3
742,cg20035319,TNRC6C
743,cg20058937,SLC29A4
744,cg20129213,RIMS2
745,cg20177650,SOX2OT
746,cg20180061,SOX2OT
747,cg20236089,DTNBP1
748,cg20261167,SPP1
749,cg20311839,
750,cg20344388,COL18A1
751,cg20379239,CUGBP2
752,cg20386404,PTPN14
753,cg20435535,
754,cg20459849,
755,cg20534702,FOXK1
756,cg20553577,COL4A2
757,cg20569034,LOC100130776
758,cg20668644,RAPGEFL1
759,cg20676475,LCE3D
760,cg20688917,HOXA3
761,cg20691436,CALML3
762,cg20702527,HDAC4
763,cg20742415,METTL11B
764,cg20750832,
765,cg20754708,
766,cg20785459,HBBP1
767,cg20804050,EN1
768,cg20852851,HDAC4
769,cg20909380,
770,cg20928945,ADAP1
771,cg20972167,DNM3
772,cg21013395,HN1
773,cg21063722,SIM1
774,cg21101720,ANKRD13B
775,cg21130463,HRNBP3
776,cg21163969,ATP11A
777,cg21176488,LPP
778,cg21232023,
779,cg21249131,
780,cg21251385,
781,cg21268422,BACE2
782,cg21361094,B4GALNT1
783,cg21427213,LPP
784,cg21428990,
785,cg21442271,
786,cg21453451,SOX2OT
787,cg21535106,
788,cg21637392,RNF216
789,cg21739530,GALNT7
790,cg21754343,LCE2B
791,cg21769093,VWC2
792,cg21792737,NOX3
793,cg21868798,
794,cg21885317,C8orf76
795,cg21899596,HOPX
796,cg21915100,NPC2
797,cg21999939,C5orf38
798,cg22014112,TNFAIP3
799,cg22022580,
800,cg22033530,SYT5
801,cg22061831,ARHGEF4
802,cg22098115,ARHGEF4
803,cg22125433,TSNARE1
804,cg22148827,
805,cg22155376,
806,cg22157239,PAX7
807,cg22195627,
808,cg22196946,IL15
809,cg22209929,NCEH1
810,cg22232327,
811,cg22256433,ALOX15B
812,cg22272840,SOX7
813,cg22311289,UTRN
814,cg22361413,PBX1
815,cg22431992,RBPMS
816,cg22523050,CREB3L2
817,cg22524657,
818,cg22524864,FXYD3
819,cg22538557,
820,cg22549870,
821,cg22669623,
822,cg22679813,DPP6
823,cg22735222,NKX2-3
824,cg22755679,
825,cg22774472,COL5A2
826,cg22793142,LOC148696
827,cg22800400,FRMD6
828,cg22833612,ASAP2
829,cg22838357,
830,cg22856324,CYP26B1
831,cg22879515,MIR34B
832,cg22958090,KRT7
833,cg22973468,
834,cg22974982,
835,cg22997040,ZHX2
836,cg23008871,
837,cg23052568,
838,cg23060646,
839,cg23062357,
840,cg23089272,FSIP1
841,cg23132268,JAKMIP2
842,cg23151649,PRKAG2
843,cg23234149,TP73
844,cg23280730,C1orf100
845,cg23318967,FOXK1
846,cg23330450,
847,cg23340935,DIRC3
848,cg23343066,FER1L6
849,cg23386212,
850,cg23398076,MEIS1
851,cg23400413,FOXN3
852,cg23402920,
853,cg23413051,
854,cg23493510,DLX4
855,cg23570588,HIST1H2BA
856,cg23591302,PRICKLE1
857,cg23601374,HDAC4
858,cg23605843,
859,cg23631538,DENND2D
860,cg23663774,PITX2
861,cg23677882,
862,cg23765993,SPINLW1
863,cg23881278,DRD2
864,cg23926670,PTHLH
865,cg23930334,SLC22A20
866,cg23938220,APC
867,cg23976499,CUGBP2
868,cg23978504,SOX2OT
869,cg23982461,IQCJ
870,cg24000814,
871,cg24065504,ANKRD22
872,cg24073042,
873,cg24112628,LRP11
874,cg24136780,MAD1L1
875,cg24159214,CACNA2D2
876,cg24267283,SOX2OT
877,cg24304093,
878,cg24336989,
879,cg24350296,TNFRSF19
880,cg24446429,MBP
881,cg24512973,MUC1
882,cg24527636,
883,cg24548833,CPAMD8
884,cg24556395,MYO10
885,cg24580076,C7orf20
886,cg24597774,SPSB1
887,cg24606701,
888,cg24634471,JRK
889,cg24663311,INPP1
890,cg24674754,
891,cg24676817,
892,cg24783211,
893,cg24810735,ANGPT1
894,cg24831051,MEF2C
895,cg24831427,COQ3
896,cg24884444,
897,cg24903006,RAPGEFL1
898,cg24937727,RGL3
899,cg24954668,
900,cg24994127,RALGAPA2
901,cg25019648,BTBD17
902,cg25113237,
903,cg25115460,TP73
904,cg25140213,HLA-DRB6
905,cg25149125,KRT5
906,cg25150953,LIMCH1
907,cg25186332,SP1
908,cg25191041,
909,cg25215834,CARD14
910,cg25267258,OR14J1
911,cg25334393,ZNF251
912,cg25334934,
913,cg25343204,AGR2
914,cg25356678,
915,cg25364469,ZBTB20
916,cg25384423,ALDH4A1
917,cg25386707,EBF3
918,cg25392692,B4GALNT1
919,cg25447806,
920,cg25457886,
921,cg25462303,GCET2
922,cg25481705,KLC3
923,cg25508679,
924,cg25521254,RNMTL1
925,cg25533774,SOSTDC1
926,cg25586410,GPR155
927,cg25588935,PTPRN2
928,cg25611057,
929,cg25683325,CD1D
930,cg25726664,GLI3
931,cg25730685,
932,cg25754195,ARHGAP25
933,cg25761326,CUGBP2
934,cg25769889,DSC3
935,cg25831075,SLITRK3
936,cg26010734,EPHX3
937,cg26145873,
938,cg26202753,
939,cg26206466,
940,cg26221801,C20orf195
941,cg26297005,HOXA3
942,cg26309134,ZNF542
943,cg26311610,EIF4H
944,cg26391564,
945,cg26427777,ZHX2
946,cg26429925,BNC1
947,cg26511507,DIP2C
948,cg26524552,AK3L1
949,cg26539736,
950,cg26582230,RGS12
951,cg26614816,TXNRD1
952,cg26635219,CFTR
953,cg26645242,CHD9
954,cg26649504,
955,cg26655004,
956,cg26661034,PAX7
957,cg26704078,KCTD1
958,cg26727488,GREM1
959,cg26824006,
960,cg26889437,PTDSS2
961,cg26919527,PI4KA
962,cg26961808,FLNC
963,cg26994099,
964,cg27002325,LRP5
965,cg27009392,TMED6
966,cg27022956,SOX2OT
967,cg27062795,ZNF542
968,cg27088072,
969,cg27117792,
970,cg27140872,JAKMIP2
971,cg27152312,
972,cg27185063,PPM1H
973,cg27261597,LOC642587
974,cg27290624,
975,cg27342919,TRIM31
976,cg27344587,LOC100132215
977,cg27377289,
978,cg27382405,KCNH3
979,cg27386326,
980,cg27395066,ACBD4
981,cg27417609,CDH3
982,cg27422759,ANO1
983,cg27478313,GMDS
984,cg27481555,LRRC17
985,cg27538352,PRICKLE3
986,cg27549944,PLEKHA6
987,cg27649037,ST18
988,cg27658601,TBCD
